Workbook

Sheet Punch Sheet
A2: FSO/Project Name :
A4: iCenter Sales Order No : | F4: Cabinet ID:
A7: Sr.No | B7: Refference No. | C7: Punch/Action Point Description | D7: Category | E7: Inspected by | G7: Implemented By(Production) | I7: Checked by
E8: Initials | F8: Date | G8: Intials | H8: Date | I8: Intials | J8: Date

Sheet Sheet1 (2)
A1: Column1 | B1: Column2 | C1: Column3 | D1: Column4 | E1: Column5 | F1: Column6 | G1: Column7 | H1: Column8 | I1: Column9 | J1: Column10 | K1: Ref Key
K2: =UPPER(TRIM(#REF!)) -> #REF!
A3: FSO/Project Name : | C3: QG NFS | K3: =UPPER(TRIM(#REF!)) -> #REF!
K4: =UPPER(TRIM(#REF!)) -> #REF!
A5: iCenter Sales Order No : | C5: 2000710 | F5: Cabinet ID: | H5: SJBC-381A0026 | K5: =UPPER(TRIM(#REF!)) -> #REF!
K6: =UPPER(TRIM(#REF!)) -> #REF!
K7: =UPPER(TRIM(#REF!)) -> #REF!
A8: Sr.No | B8: Refference No. | C8: Punch/Action Point Description | D8: Category | E8: Inspected by | G8: Implemented By(Production) | I8: Checked by | K8: =UPPER(TRIM(#REF!)) -> #REF!
E9: Initials | F9: Date | G9: Intials | H9: Date | I9: Intials | J9: Date | K9: =UPPER(TRIM(#REF!)) -> #REF!
A10: 1 | B10: ='Punch Sheet'!B9 -> 0 | C10: X1-2,4 Wire missing | D10: Incomplete wiring | E10: Prathamesh | F10: 45975 | K10: =UPPER(TRIM(#REF!)) -> #REF!
A11: 2 | B11: ='Punch Sheet'!B10 -> 0 | C11: FBS2-10 Shortink are missing Front and rear | D11: Incomplete Asembly | E11: Prathamesh | F11: 45975 | K11: =UPPER(TRIM(#REF!)) -> #REF!
A12: 3 | B12: ='Punch Sheet'!B11 -> 0 | C12: X4-2,4 Wire connection wrong | D12: Wrong Wiring | E12: Prathamesh | F12: 45975 | K12: =UPPER(TRIM(#REF!)) -> #REF!
A13: 4 | B13: ='Punch Sheet'!B12 -> 0 | C13: X8 TB Group terminal marker missing | D13: Incomplete Asembly | E13: Prathamesh | F13: 45975 | K13: =UPPER(TRIM(#REF!)) -> #REF!
A14: 5 | B14: ='Punch Sheet'!B13 -> 0 | C14: UIRJD03-CIOC03,CIOC04 Supply wire not properly inserted | D14: Workmanship error | E14: Prathamesh | F14: 45975 | K14: =UPPER(TRIM(#REF!)) -> #REF!
A15: 6 | B15: ='Punch Sheet'!B14 -> 0 | C15: X10-2 wire connection wrong | D15: Wrong Wiring | E15: Prathamesh | F15: 45975 | K15: =UPPER(TRIM(#REF!)) -> #REF!
A16: 7 | B16: ='Punch Sheet'!B15 -> 0 | C16: IE2 Bar / SB6 earthing wire sleeve not properly installed | D16: Workmanship error | E16: Prathamesh | F16: 45975 | K16: =UPPER(TRIM(#REF!)) -> #REF!
A17: 8 | B17: ='Punch Sheet'!B16 -> 0 | C17: XALM-1,6 ferrule wrong both side (output) | D17: Workmanship error | E17: Prathamesh | F17: 45975 | K17: =UPPER(TRIM(#REF!)) -> #REF!
A18: 9 | B18: ='Punch Sheet'!B17 -> 0 | C18: CR13,CR14 Wire connection interchanged | D18: Workmanship error | E18: Prathamesh | F18: 45975 | K18: =UPPER(TRIM(#REF!)) -> #REF!
A19: 10 | B19: ='Punch Sheet'!B18 -> 0 | C19: Network cable missing with tag ferrule | D19: Material Shortfall | E19: Prathamesh | F19: 45975 | K19: =UPPER(TRIM(#REF!)) -> #REF!
A20: 11 | B20: ='Punch Sheet'!B19 -> 0 | K20: =UPPER(TRIM(#REF!)) -> #REF!
A21: 12 | B21: ='Punch Sheet'!B20 -> 0 | K21: =UPPER(TRIM(#REF!)) -> #REF!
B22: ='Punch Sheet'!B21 -> 0 | K22: =UPPER(TRIM(#REF!)) -> #REF!
B23: ='Punch Sheet'!B22 -> 0 | K23: =UPPER(TRIM(#REF!)) -> #REF!
B24: ='Punch Sheet'!B23 -> 0 | K24: =UPPER(TRIM(#REF!)) -> #REF!
B25: ='Punch Sheet'!B24 -> 0 | K25: =UPPER(TRIM(#REF!)) -> #REF!
B26: ='Punch Sheet'!B25 -> 0 | K26: =UPPER(TRIM(#REF!)) -> #REF!
B27: ='Punch Sheet'!B26 -> 0 | K27: =UPPER(TRIM(#REF!)) -> #REF!
B28: ='Punch Sheet'!B27 -> 0 | K28: =UPPER(TRIM(#REF!)) -> #REF!
B29: ='Punch Sheet'!B28 -> 0 | K29: =UPPER(TRIM(#REF!)) -> #REF!
B30: ='Punch Sheet'!B29 -> 0 | K30: =UPPER(TRIM(#REF!)) -> #REF!
B31: ='Punch Sheet'!B30 -> 0 | K31: =UPPER(TRIM(#REF!)) -> #REF!
B32: ='Punch Sheet'!B31 -> 0 | K32: =UPPER(TRIM(#REF!)) -> #REF!
B33: ='Punch Sheet'!B32 -> 0 | K33: =UPPER(TRIM(#REF!)) -> #REF!
... B162: ='Punch Sheet'!B161 -> 0 | K162: =UPPER(TRIM(#REF!)) -> #REF!

Sheet Interphase
A4: FSO/Project Name:
A6: iCenter Sales Order No: | D6: Cabinet ID:
B10: Refference No. | C10: Checklist | D10: Status | E10: Test Performed by: Name/Signature | F10: Date | G10: Remarks
A11: PROJECT INFO SHEET | B11: 1 | C11: Check that the first page in Book "Project Info Sheet" is correct. | L11: =UPPER(TRIM(B11)) -> 1
B12: 2 | C12: Check for the engineer’s signature on the first page, all the changes he made on the drawings, and on the old version sheets. | L12: =UPPER(TRIM(B12)) -> 2
A13: MECHANICAL ASSEMBLY | B13: 3 | C13: Mounting plate checking:- not scratched/properly fixed with the hardware and gasket on the cutout | L13: =UPPER(TRIM(B13)) -> 3
B14: 4 | C14: Door checking:- Cut out, Hinges, Gasket Door handle lock as per drg | L14: =UPPER(TRIM(B14)) -> 4
B15: 5 | C15: Side panel checking: any scratches or paint peel off or properly install. | L15: =UPPER(TRIM(B15)) -> 5
B16: 6 | C16: Visual check for any scratches, damage, chroming or painting problems, etc. at the cabinet. | L16: =UPPER(TRIM(B16)) -> 6
B17: 7 | C17: Cable ducts:- Mounting and checking the cable ducts according to the drawing (dimensions; color etc) / not to be any scratches on them / to be at the correct dimension / to be cut straight. | L17: =UPPER(TRIM(B17)) -> 7
B18: 8 | C18: DIN Rails:- Checking and correct mounting / fixed with the appropriate screws. They have to be fixed accordingly. | L18: =UPPER(TRIM(B18)) -> 8
B19: 9 | C19: Plinth: Checking for the plinth to cabinet fixing hardware with the correct length in case of AVP (M10*40) | L19: =UPPER(TRIM(B19)) -> 9
A20: COMPONENT ASSEMBLY | B20: 10 | C20: Components: Check that all the components are there and the quantity is the same as per the drawing / BOM. | L20: =UPPER(TRIM(B20)) -> 10
B21: 11 | C21: Component assembly: the components are mounted according to the main drawing / visual check (not to be damaged) / terminals and components fixed appropriately. | L21: =UPPER(TRIM(B21)) -> 11
B22: 12 | C22: Labelling & Ferrule:- Check that the labels match the label type on Project Info Sheet. | L22: =UPPER(TRIM(B22)) -> 12
B23: 13 | C23: Ferrule:- Check the direction of the writing /the fonts need to be the same/grounding ferrules at every wire/damage/ wrong/properly heat shrinked. | L23: =UPPER(TRIM(B23)) -> 13
B24: 14 | C24: Power wiring:- connections executed correctly / the wire color /wire size/ crimped properly / free wires need to be isolated. | L24: =UPPER(TRIM(B24)) -> 14
B25: 15 | C25: I/O wiring:- connections executed correctly / the wire color /wire size/ crimped properly / free wires need to be isolated. | L25: =UPPER(TRIM(B25)) -> 15
B26: 16 | C26: Grounding needs to be according to the drawing/standard. Grounding label for every wire. Check that the grounding screws and grounding rules are followed | L26: =UPPER(TRIM(B26)) -> 16
B27: 17 | C27: Check that the fuses and MCB are according to the drawing. | L27: =UPPER(TRIM(B27)) -> 17
B28: 18 | C28: Check the wire position in the cable ducts, AC, DC, etc. | L28: =UPPER(TRIM(B28)) -> 18
A29: FINAL ASSEMBLY | B29: 19 | C29: Check that all components are identified with the label required in the drawing and they are consistent (written identically / not damaged etc). Check the label fixed on AC ducts. | L29: =UPPER(TRIM(B29)) -> 19
B30: 20 | C30: Verify the wire routing inside the ducts and ensure that there are no joints | L30: =UPPER(TRIM(B30)) -> 20
B31: 21 | C31: Check that the labels are according to the specifications on the drawing. | L31: =UPPER(TRIM(B31)) -> 21
B32: 22 | C32: Wiring dressing/cable tie cutting | L32: =UPPER(TRIM(B32)) -> 22
B33: 23 | C33: Check whether the duct cover is fixed or not | L33: =UPPER(TRIM(B33)) -> 23
B34: 24 | C34: Check the cleanliness of the cabinet. | L34: =UPPER(TRIM(B34)) -> 24
B35: 25 | C35: Check that all the screws are fixed tight. | L35: =UPPER(TRIM(B35)) -> 25
B36: 26 | C36: Check Ex Label Plate and Instruction Plate | L36: =UPPER(TRIM(B36)) -> 26
A37: DOCUMENTATION | B37: 27 | C37: Check that the system assembly checklist and Traveller system are signed by the Assembler/technicians. | L37: =UPPER(TRIM(B37)) -> 27
B38: 28 | C38: Check that the connections are signed on the drawings. | L38: =UPPER(TRIM(B38)) -> 28
B39: 29 | C39: Check that the assembly table with equipment used is entered in the equipment and discrepancy record. | L39: =UPPER(TRIM(B39)) -> 29
B40: 30 | C40: If there are missing parts in the cabinet check that they are listed in the discrepancy record form | L40: =UPPER(TRIM(B40)) -> 30
B41: 31 | C41: Check for the CE mark, if required. | L41: =UPPER(TRIM(B41)) -> 31
